title,url
1984,https://www.goodreads.com/book/show/61439040-1984
,https://www.goodreads.com/book/show/170448.Animal_Farm
,https://www.goodreads.com/book/show/48855.The_Diary_of_a_Young_Girl
,https://www.goodreads.com/book/show/157993.The_Little_Prince
,https://www.goodreads.com/book/show/49552.The_Stranger
,https://www.goodreads.com/book/show/12220.A_Streetcar_Named_Desire
,https://www.goodreads.com/book/show/46170.For_Whom_the_Bell_Tolls
,https://www.goodreads.com/book/show/19302.Pippi_Longstocking
,https://www.goodreads.com/book/show/12898.Death_of_a_Salesman
,https://www.goodreads.com/book/show/14891.A_Tree_Grows_in_Brooklyn
,https://www.goodreads.com/book/show/11989.The_Plague
,https://www.goodreads.com/book/show/32929.Goodnight_Moon
,https://www.goodreads.com/book/show/8130077-the-screwtape-letters
,https://www.goodreads.com/book/show/30933.Brideshead_Revisited
,https://www.goodreads.com/book/show/37380.The_Heart_Is_a_Lonely_Hunter
,https://www.goodreads.com/book/show/4799.Cannery_Row
,https://www.goodreads.com/book/show/31122.I_Capture_the_Castle
,https://www.goodreads.com/book/show/5308.The_Pearl
,https://www.goodreads.com/book/show/6150.Cry_the_Beloved_Country
,https://www.goodreads.com/book/show/27323.Hiroshima
,https://www.goodreads.com/book/show/2122.The_Fountainhead
,https://www.goodreads.com/book/show/92517.The_Glass_Menagerie
,https://www.goodreads.com/book/show/426504.Ficciones
,https://www.goodreads.com/book/show/11127.The_Chronicles_of_Narnia
,https://www.goodreads.com/book/show/29291.Make_Way_for_Ducklings
,https://www.goodreads.com/book/show/31196.The_Razor_s_Edge
,https://www.goodreads.com/book/show/138959.Stuart_Little
,https://www.goodreads.com/book/show/5527.All_the_King_s_Men
,https://www.goodreads.com/book/show/3690.The_Power_and_the_Glory
,https://www.goodreads.com/book/show/764903.Cheaper_by_the_Dozen
,https://www.goodreads.com/book/show/89723.The_Lottery_and_Other_Stories
,https://www.goodreads.com/book/show/457264.The_Second_Sex
,https://www.goodreads.com/book/show/420297.Curious_George
,https://www.goodreads.com/book/show/15622.Native_Son
,https://www.goodreads.com/book/show/6219656-the-lottery
,https://www.goodreads.com/book/show/16634.The_Glass_Bead_Game
,https://www.goodreads.com/book/show/53639.Zorba_the_Greek
,https://www.goodreads.com/book/show/297249.The_Boxcar_Children
,https://www.goodreads.com/book/show/16319.The_Body_in_the_Library
,https://www.goodreads.com/book/show/268423.Complete_Poems_Of_Robert_Frost_1949
Four Quartets,https://www.goodreads.com/book/show/80410.Four_Quartets
Pat the Bunny,https://www.goodreads.com/book/show/13532212-pat-the-bunny
Darkness at Noon,https://www.goodreads.com/book/show/30672.Darkness_at_Noon
The Man Without Qualities,https://www.goodreads.com/book/show/527756.The_Man_Without_Qualities
"Titus Groan (Gormenghast, #1)",https://www.goodreads.com/book/show/39063.Titus_Groan
No Exit and Three Other Plays,https://www.goodreads.com/book/show/10037.No_Exit_and_Three_Other_Plays
The Heart of the Matter,https://www.goodreads.com/book/show/3692.The_Heart_of_the_Matter
Horton Hatches the Egg,https://www.goodreads.com/book/show/11301.Horton_Hatches_the_Egg
Black Boy,https://www.goodreads.com/book/show/228630.Black_Boy
"Farewell, My Lovely (Philip Marlowe, #2)",https://www.goodreads.com/book/show/2050.Farewell_My_Lovely
Kon-Tiki,https://www.goodreads.com/book/show/790171.Kon_Tiki
"Mrs. Piggle-Wiggle (Mrs. Piggle Wiggle, #1)",https://www.goodreads.com/book/show/25051.Mrs_Piggle_Wiggle
Man’s Search for Meaning,https://www.goodreads.com/book/show/4069.Man_s_Search_for_Meaning
"The Long Winter (Little House, #6)",https://www.goodreads.com/book/show/8282.The_Long_Winter
"The Black Stallion (The Black Stallion, #1)",https://www.goodreads.com/book/show/272895.The_Black_Stallion
Chess Story,https://www.goodreads.com/book/show/59151.Chess_Story
"Little Town on the Prairie (Little House, #7)",https://www.goodreads.com/book/show/8253.Little_Town_on_the_Prairie
"The Bridge on the Drina (Bosnian Trilogy, #1)",https://www.goodreads.com/book/show/3140.The_Bridge_on_the_Drina
Under the Volcano,https://www.goodreads.com/book/show/31072.Under_the_Volcano
The Sheltering Sky,https://www.goodreads.com/book/show/243598.The_Sheltering_Sky
"Evil Under the Sun (Hercule Poirot, #24)",https://www.goodreads.com/book/show/16305.Evil_Under_the_Sun
The Member of the Wedding,https://www.goodreads.com/book/show/330244.The_Member_of_the_Wedding
"That Hideous Strength (The Space Trilogy, #3)",https://www.goodreads.com/book/show/100933.That_Hideous_Strength
Doctor Faustus,https://www.goodreads.com/book/show/34440.Doctor_Faustus
Antigone,https://www.goodreads.com/book/show/352383.Antigone
The Naked and the Dead,https://www.goodreads.com/book/show/12467.The_Naked_and_the_Dead
"These Happy Golden Years (Little House, #8)",https://www.goodreads.com/book/show/77770.These_Happy_Golden_Years
Mere Christianity,https://www.goodreads.com/book/show/11138.Mere_Christianity
Johnny Tremain,https://www.goodreads.com/book/show/816870.Johnny_Tremain
"The Lady in the Lake (Philip Marlowe, #4)",https://www.goodreads.com/book/show/776159.The_Lady_in_the_Lake
Mythology,https://www.goodreads.com/book/show/23522.Mythology
"Caps for Sale: A Tale of a Peddler, Some Monkeys and Their Monkey Business",https://www.goodreads.com/book/show/775597.Caps_for_Sale
"Five Little Pigs (Hercule Poirot, #25)",https://www.goodreads.com/book/show/121648.Five_Little_Pigs
Homer Price,https://www.goodreads.com/book/show/766917.Homer_Price
The Aleph and Other Stories,https://www.goodreads.com/book/show/5787.The_Aleph_and_Other_Stories
Pippi in the South Seas,https://www.goodreads.com/book/show/19307.Pippi_in_the_South_Seas
The Hero With a Thousand Faces,https://www.goodreads.com/book/show/588138.The_Hero_With_a_Thousand_Faces
West with the Night,https://www.goodreads.com/book/show/1624.West_with_the_Night
Death Be Not Proud,https://www.goodreads.com/book/show/486298.Death_Be_Not_Proud
The Great Divorce,https://www.goodreads.com/book/show/25845273-the-great-divorce
"Go Down, Moses",https://www.goodreads.com/book/show/17726.Go_Down_Moses
The Loved One,https://www.goodreads.com/book/show/30935.The_Loved_One
Confessions of a Mask,https://www.goodreads.com/book/show/62794.Confessions_of_a_Mask
"The Moving Finger (Miss Marple, #4)",https://www.goodreads.com/book/show/16341.The_Moving_Finger
Earth Abides,https://www.goodreads.com/book/show/93269.Earth_Abides
The Portable Dorothy Parker,https://www.goodreads.com/book/show/46231.The_Portable_Dorothy_Parker
Embers,https://www.goodreads.com/book/show/783505.Embers
The Tartar Steppe,https://www.goodreads.com/book/show/83017.The_Tartar_Steppe
Brat Farrar,https://www.goodreads.com/book/show/243397.Brat_Farrar
The Twenty-One Balloons,https://www.goodreads.com/book/show/837501.The_Twenty_One_Balloons
The Little House,https://www.goodreads.com/book/show/153540.The_Little_House
All My Sons,https://www.goodreads.com/book/show/179142.All_My_Sons
Survival in Auschwitz,https://www.goodreads.com/book/show/6174.Survival_in_Auschwitz
The Love of the Last Tycoon,https://www.goodreads.com/book/show/16857.The_Love_of_the_Last_Tycoon
"The Egg and I (Betty MacDonald Memoirs, #1)",https://www.goodreads.com/book/show/23770.The_Egg_and_I
The Iceman Cometh,https://www.goodreads.com/book/show/111734.The_Iceman_Cometh
"Finn Family Moomintroll (The Moomins, #3)",https://www.goodreads.com/book/show/79549.Finn_Family_Moomintroll
Pippi Goes on Board,https://www.goodreads.com/book/show/19308.Pippi_Goes_on_Board
"The Hamlet (The Snopes Trilogy, #1)",https://www.goodreads.com/book/show/12995.The_Hamlet
An Inspector Calls,https://www.goodreads.com/book/show/900682.An_Inspector_Calls
Mildred Pierce,https://www.goodreads.com/book/show/101205.Mildred_Pierce
Crooked House,https://www.goodreads.com/book/show/16315.Crooked_House
"The Age of Reason (Roads to Freedom, #1)",https://www.goodreads.com/book/show/10034.The_Age_of_Reason
"The Little Sister (Philip Marlowe, #5)",https://www.goodreads.com/book/show/852401.The_Little_Sister
"The High Window (Philip Marlowe, #3)",https://www.goodreads.com/book/show/2049.The_High_Window
Blueberries for Sal,https://www.goodreads.com/book/show/133526.Blueberries_for_Sal
La casa de Bernarda Alba,https://www.goodreads.com/book/show/22995.La_casa_de_Bernarda_Alba
Frenchman's Creek,https://www.goodreads.com/book/show/84573.Frenchman_s_Creek
The Reluctant Widow,https://www.goodreads.com/book/show/311096.The_Reluctant_Widow
The Makioka Sisters,https://www.goodreads.com/book/show/34449.The_Makioka_Sisters
Forever Amber,https://www.goodreads.com/book/show/5368.Forever_Amber
Faro's Daughter,https://www.goodreads.com/book/show/311163.Faro_s_Daughter
The Snow Goose,https://www.goodreads.com/book/show/529241.The_Snow_Goose
Being and Nothingness,https://www.goodreads.com/book/show/10033.Being_and_Nothingness
"Sad Cypress (Hercule Poirot, #22)",https://www.goodreads.com/book/show/433035.Sad_Cypress
The Little White Horse,https://www.goodreads.com/book/show/420180.The_Little_White_Horse
The Problem of Pain,https://www.goodreads.com/book/show/26435.The_Problem_of_Pain
The World of Yesterday,https://www.goodreads.com/book/show/629429.The_World_of_Yesterday
Shane,https://www.goodreads.com/book/show/257837.Shane
The Poky Little Puppy,https://www.goodreads.com/book/show/505304.The_Poky_Little_Puppy
The Invention of Morel,https://www.goodreads.com/book/show/94486.The_Invention_of_Morel
No Exit,https://www.goodreads.com/book/show/123933.No_Exit
Existentialism is a Humanism,https://www.goodreads.com/book/show/51985.Existentialism_is_a_Humanism
Witness for the Prosecution and Selected Plays,https://www.goodreads.com/book/show/16320.Witness_for_the_Prosecution_and_Selected_Plays
Farmer Giles of Ham,https://www.goodreads.com/book/show/2333.Farmer_Giles_of_Ham
Arabella,https://www.goodreads.com/book/show/311150.Arabella
"Other Voices, Other Rooms",https://www.goodreads.com/book/show/2287.Other_Voices_Other_Rooms
"Mrs. Mike (Mrs. Mike, #1)",https://www.goodreads.com/book/show/155712.Mrs_Mike
The Caucasian Chalk Circle,https://www.goodreads.com/book/show/94597.The_Caucasian_Chalk_Circle
"The Moving Toyshop (Gervase Fen, #3)",https://www.goodreads.com/book/show/831916.The_Moving_Toyshop
"The Labours of Hercules (Hercule Poirot, #27)",https://www.goodreads.com/book/show/16425.The_Labours_of_Hercules
The Horse's Mouth,https://www.goodreads.com/book/show/376465.The_Horse_s_Mouth
The Myth of Sisyphus,https://www.goodreads.com/book/show/91950.The_Myth_of_Sisyphus
Intruder in the Dust,https://www.goodreads.com/book/show/72228.Intruder_in_the_Dust
Our Lady of the Flowers,https://www.goodreads.com/book/show/53003.Our_Lady_of_the_Flowers
The Road to Serfdom,https://www.goodreads.com/book/show/299215.The_Road_to_Serfdom
The Man Who Loved Children,https://www.goodreads.com/book/show/304344.The_Man_Who_Loved_Children
"Comet in Moominland (The Moomins, #2)",https://www.goodreads.com/book/show/1003725.Comet_in_Moominland
The Corinthian,https://www.goodreads.com/book/show/319033.The_Corinthian
The Carrot Seed,https://www.goodreads.com/book/show/857418.The_Carrot_Seed
Bartholomew and the Oobleck,https://www.goodreads.com/book/show/275320.Bartholomew_and_the_Oobleck
Summer and Smoke,https://www.goodreads.com/book/show/167587.Summer_and_Smoke
The Good Woman of Setzuan,https://www.goodreads.com/book/show/64416.The_Good_Woman_of_Setzuan
The Family of Pascual Duarte,https://www.goodreads.com/book/show/71549.The_Family_of_Pascual_Duarte
"The Pursuit of Love (Radlett & Montdore, #1)",https://www.goodreads.com/book/show/835458.The_Pursuit_of_Love
"Perelandra (The Space Trilogy, #2)",https://www.goodreads.com/book/show/100924.Perelandra
The Ministry of Fear,https://www.goodreads.com/book/show/213653.The_Ministry_of_Fear
Galileo,https://www.goodreads.com/book/show/64410.Galileo
Three Famous Short Novels: Spotted Horses / Old Man / The Bear,https://www.goodreads.com/book/show/10984.Three_Famous_Short_Novels
Long Day’s Journey into Night,https://www.goodreads.com/book/show/12083.Long_Day_s_Journey_into_Night
Politics and the English Language,https://www.goodreads.com/book/show/17118901-politics-and-the-english-language
The Myth of Sisyphus and Other Essays,https://www.goodreads.com/book/show/11987.The_Myth_of_Sisyphus_and_Other_Essays
Hangover Square,https://www.goodreads.com/book/show/133238.Hangover_Square
Reflections in a Golden Eye,https://www.goodreads.com/book/show/243924.Reflections_in_a_Golden_Eye
Joseph and His Brothers,https://www.goodreads.com/book/show/88076.Joseph_and_His_Brothers
The Skin of Our Teeth,https://www.goodreads.com/book/show/196301.The_Skin_of_Our_Teeth
The Runaway Bunny,https://www.goodreads.com/book/show/58922.The_Runaway_Bunny
Pavilion of Women,https://www.goodreads.com/book/show/209279.Pavilion_of_Women
The Berlin Stories,https://www.goodreads.com/book/show/16810.The_Berlin_Stories
Let Us Now Praise Famous Men,https://www.goodreads.com/book/show/243360.Let_Us_Now_Praise_Famous_Men
The Moon Is Down,https://www.goodreads.com/book/show/12722.The_Moon_Is_Down
The Foundling,https://www.goodreads.com/book/show/32111.The_Foundling
"Love in a Cold Climate (Radlett & Montdore, #2)",https://www.goodreads.com/book/show/372811.Love_in_a_Cold_Climate
The Death of Virgil,https://www.goodreads.com/book/show/27426.The_Death_of_Virgil
Put Out More Flags,https://www.goodreads.com/book/show/105187.Put_Out_More_Flags
Midaq Alley,https://www.goodreads.com/book/show/5499.Midaq_Alley
The American Political Tradition and the Men Who Made It,https://www.goodreads.com/book/show/773961.The_American_Political_Tradition_and_the_Men_Who_Made_It
Nada,https://www.goodreads.com/book/show/62779.Nada
The Tunnel,https://www.goodreads.com/book/show/9574908-the-tunnel
Scuffy the Tugboat,https://www.goodreads.com/book/show/914982.Scuffy_the_Tugboat
"The Hollow (Hercule Poirot, #26)",https://www.goodreads.com/book/show/16303.The_Hollow
The Children of Noisy Village,https://www.goodreads.com/book/show/19311.The_Children_of_Noisy_Village
Black Lamb and Grey Falcon,https://www.goodreads.com/book/show/12880.Black_Lamb_and_Grey_Falcon
The Open Society and Its Enemies,https://www.goodreads.com/book/show/240592.The_Open_Society_and_Its_Enemies
The Crab with the Golden Claws (Tintin #9),https://www.goodreads.com/book/show/165555.The_Crab_with_the_Golden_Claws
Snow Treasure,https://www.goodreads.com/book/show/3019406-snow-treasure
Between the Acts,https://www.goodreads.com/book/show/46105.Between_the_Acts
Prisoners of the Sun (Tintin #14),https://www.goodreads.com/book/show/96428.Prisoners_of_the_Sun
"One, Two, Buckle My Shoe (Hercule Poirot, #23)",https://www.goodreads.com/book/show/16312.One_Two_Buckle_My_Shoe
The Ghost and Mrs. Muir,https://www.goodreads.com/book/show/20758134-the-ghost-and-mrs-muir
"The Secret of the Mansion (Trixie Belden, #1)",https://www.goodreads.com/book/show/183116.The_Secret_of_the_Mansion
The Wayward Bus,https://www.goodreads.com/book/show/78275.The_Wayward_Bus
"N or M? (Tommy & Tuppence Mysteries, #3)",https://www.goodreads.com/book/show/102313.N_or_M_
The Secret of the Unicorn (Tintin #11),https://www.goodreads.com/book/show/179174.The_Secret_of_the_Unicorn
King of the Wind: The Story of the Godolphin Arabian,https://www.goodreads.com/book/show/423156.King_of_the_Wind
"The Magic Faraway Tree (The Faraway Tree, #2)",https://www.goodreads.com/book/show/74998.The_Magic_Faraway_Tree
The Thief's Journal,https://www.goodreads.com/book/show/328208.The_Thief_s_Journal
And Both Were Young,https://www.goodreads.com/book/show/790131.And_Both_Were_Young
The Ox-Bow Incident,https://www.goodreads.com/book/show/659310.The_Ox_Bow_Incident
Two Serious Ladies,https://www.goodreads.com/book/show/215262.Two_Serious_Ladies
"I, the Jury (Mike Hammer, #1)",https://www.goodreads.com/book/show/823561.I_the_Jury
The Lost Weekend,https://www.goodreads.com/book/show/257605.The_Lost_Weekend
Rabbit Hill,https://www.goodreads.com/book/show/333735.Rabbit_Hill
"Misty of Chincoteague (Misty, #1)",https://www.goodreads.com/book/show/17461.Misty_of_Chincoteague
Mister Roberts,https://www.goodreads.com/book/show/2472016.Mister_Roberts
Le Silence de la mer,https://www.goodreads.com/book/show/385185.Le_Silence_de_la_mer
The Thurber Carnival,https://www.goodreads.com/book/show/72996.The_Thurber_Carnival
Tales of the South Pacific,https://www.goodreads.com/book/show/133488.Tales_of_the_South_Pacific
"Envious Casca (Inspectors Hannasyde & Hemingway, #6)",https://www.goodreads.com/book/show/311162.Envious_Casca
The World of Null-A,https://www.goodreads.com/book/show/951290.The_World_of_Null_A
The Library of Babel,https://www.goodreads.com/book/show/172366.The_Library_of_Babel
"The Little House Collection (Little House, #1-9)",https://www.goodreads.com/book/show/114345.The_Little_House_Collection
"This Way for the Gas, Ladies and Gentlemen",https://www.goodreads.com/book/show/228244.This_Way_for_the_Gas_Ladies_and_Gentlemen
The Young Lions,https://www.goodreads.com/book/show/315511.The_Young_Lions
Escape from Freedom,https://www.goodreads.com/book/show/25491.Escape_from_Freedom
The Trumpet of the Swan,https://www.goodreads.com/book/show/24335.The_Trumpet_of_the_Swan
The Egyptian,https://www.goodreads.com/book/show/26216087-the-egyptian
The Keys of the Kingdom,https://www.goodreads.com/book/show/184803.The_Keys_of_the_Kingdom
Red Rackham's Treasure (Tintin #12),https://www.goodreads.com/book/show/146109.Red_Rackham_s_Treasure
Paroles,https://www.goodreads.com/book/show/230200.Paroles
The Seven Crystal Balls (Tintin #13),https://www.goodreads.com/book/show/146104.The_Seven_Crystal_Balls
Dialectic of Enlightenment: Philosophical Fragments,https://www.goodreads.com/book/show/85812.Dialectic_of_Enlightenment
"The Moomins and the Great Flood (The Moomins, #1)",https://www.goodreads.com/book/show/3300083-the-moomins-and-the-great-flood
Les jeux sont faits,https://www.goodreads.com/book/show/11980.Les_jeux_sont_faits
The Kingdom of This World,https://www.goodreads.com/book/show/669450.The_Kingdom_of_This_World
The Shooting Star (Tintin #10),https://www.goodreads.com/book/show/146107.The_Shooting_Star
Dragonwyck,https://www.goodreads.com/book/show/122856.Dragonwyck
The Golden Egg Book (Big Little Golden Book),https://www.goodreads.com/book/show/282436.The_Golden_Egg_Book
Delta Wedding,https://www.goodreads.com/book/show/12595.Delta_Wedding
The Seven Storey Mountain,https://www.goodreads.com/book/show/175078.The_Seven_Storey_Mountain
"Demelza (Poldark, #2)",https://www.goodreads.com/book/show/25365683-demelza
"Big Red (Big Red, #1)",https://www.goodreads.com/book/show/123170.Big_Red
The President,https://www.goodreads.com/book/show/73723.The_President
"The Elizabethan World Picture: A Study of the Idea of Order in the Age of Shakespeare, Donne and Milton",https://www.goodreads.com/book/show/590047.The_Elizabethan_World_Picture
Miss Pym Disposes,https://www.goodreads.com/book/show/243399.Miss_Pym_Disposes
Paddle-to-the-Sea,https://www.goodreads.com/book/show/397157.Paddle_to_the_Sea
To the Finland Station,https://www.goodreads.com/book/show/694282.To_the_Finland_Station
Kallocain,https://www.goodreads.com/book/show/65714.Kallocain
Christ Stopped at Eboli: The Story of a Year,https://www.goodreads.com/book/show/65211.Christ_Stopped_at_Eboli
Lassie Come-Home,https://www.goodreads.com/book/show/895886.Lassie_Come_Home
Journey Into Fear,https://www.goodreads.com/book/show/46430.Journey_Into_Fear
The Abolition of Man,https://www.goodreads.com/book/show/25825420-the-abolition-of-man
Cross Creek,https://www.goodreads.com/book/show/93485.Cross_Creek
The Big Sky,https://www.goodreads.com/book/show/342080.The_Big_Sky
"Ross Poldark (Poldark, #1)",https://www.goodreads.com/book/show/25170731-ross-poldark
"Detection Unlimited (Inspectors Hannasyde & Hemingway, #8)",https://www.goodreads.com/book/show/311124.Detection_Unlimited
Random Harvest,https://www.goodreads.com/book/show/413618.Random_Harvest
Love in a Fallen City,https://www.goodreads.com/book/show/189123.Love_in_a_Fallen_City
Aurélien,https://www.goodreads.com/book/show/379107.Aur_lien
Exercises in Style (New Directions Books),https://www.goodreads.com/book/show/13792324-exercises-in-style
"Cherry Ames, Student Nurse (Cherry Ames Nurse Stories, #1)",https://www.goodreads.com/book/show/10784613-cherry-ames-student-nurse
Blue Willow,https://www.goodreads.com/book/show/774396.Blue_Willow
Dialogues with Leucò,https://www.goodreads.com/book/show/245434.Dialogues_with_Leuc_
Gentleman's Agreement,https://www.goodreads.com/book/show/13568094-gentleman-s-agreement
Lady and the Tramp,https://www.goodreads.com/book/show/765281.Lady_and_the_Tramp
Paterson,https://www.goodreads.com/book/show/763426.Paterson
"Towards Zero (Superintendent Battle, #5)",https://www.goodreads.com/book/show/16351.Towards_Zero
Dark Passage,https://www.goodreads.com/book/show/844793.Dark_Passage
The Dwarf,https://www.goodreads.com/book/show/214805.The_Dwarf
The Cannibal,https://www.goodreads.com/book/show/587678.The_Cannibal
The Garden of Forking Paths,https://www.goodreads.com/book/show/10438328-the-garden-of-forking-paths
The Robber Bridegroom,https://www.goodreads.com/book/show/870455.The_Robber_Bridegroom
The Black Island (Tintin #7),https://www.goodreads.com/book/show/191960.The_Black_Island
Das doppelte Lottchen,https://www.goodreads.com/book/show/887010.Das_doppelte_Lottchen
Loving,https://www.goodreads.com/book/show/771507.Loving
The Sound of the Mountain,https://www.goodreads.com/book/show/59950.The_Sound_of_the_Mountain
By Grand Central Station I Sat Down and Wept,https://www.goodreads.com/book/show/48987.By_Grand_Central_Station_I_Sat_Down_and_Wept
The Setting Sun,https://www.goodreads.com/book/show/194740.The_Setting_Sun
Mother Courage and Her Children,https://www.goodreads.com/book/show/85679.Mother_Courage_and_Her_Children
Ensam i Berlin,https://www.goodreads.com/book/show/18670686-ensam-i-berlin
"Surprise Island (The Boxcar Children, #2)",https://www.goodreads.com/book/show/156809.Surprise_Island
The Cocktail Party,https://www.goodreads.com/book/show/312376.The_Cocktail_Party
"Through the Wall (Miss Silver, #18)",https://www.goodreads.com/book/show/660271.Through_the_Wall
The Folded Leaf,https://www.goodreads.com/book/show/157132.The_Folded_Leaf
The Third Man,https://www.goodreads.com/book/show/48800.The_Third_Man
Pied Piper,https://www.goodreads.com/book/show/7757032-pied-piper
The Color Kittens (A Little Golden Book),https://www.goodreads.com/book/show/237346.The_Color_Kittens
"The Ill-Made Knight (The Once and Future King, #3)",https://www.goodreads.com/book/show/688770.The_Ill_Made_Knight
The Real Life of Sebastian Knight,https://www.goodreads.com/book/show/71552.The_Real_Life_of_Sebastian_Knight
Men of Maize: The Modernist Epic of the Guatemalan Indians,https://www.goodreads.com/book/show/73725.Men_of_Maize
A Sand County Almanac and Sketches Here and There,https://www.goodreads.com/book/show/210404.A_Sand_County_Almanac_and_Sketches_Here_and_There
The Weight of Glory,https://www.goodreads.com/book/show/121715.The_Weight_of_Glory
The Way West,https://www.goodreads.com/book/show/39706372-the-way-west
The Street,https://www.goodreads.com/book/show/1470442.The_Street
Apartment in Athens,https://www.goodreads.com/book/show/210105.Apartment_in_Athens
Odd John and Sirius,https://www.goodreads.com/book/show/460090.Odd_John_and_Sirius
"Latter End (Miss Silver, #11)",https://www.goodreads.com/book/show/1440135.Latter_End
The King's General,https://www.goodreads.com/book/show/18869969-the-king-s-general
"The Franchise Affair (Inspector Alan Grant, #3)",https://www.goodreads.com/book/show/243401.The_Franchise_Affair
"The Moffats (The Moffats, #1)",https://www.goodreads.com/book/show/42337.The_Moffats
The Black Rose,https://www.goodreads.com/book/show/401921.The_Black_Rose
Against the Fall of Night,https://www.goodreads.com/book/show/158404.Against_the_Fall_of_Night
The Pilgrim Hawk,https://www.goodreads.com/book/show/458275.The_Pilgrim_Hawk
No Longer Human,https://www.goodreads.com/book/show/11222940-no-longer-human
Flight To Arras,https://www.goodreads.com/book/show/157996.Flight_To_Arras
Caligula,https://www.goodreads.com/book/show/15698.Caligula
Divan de Tamarit: Llanto Por Ignacio Sanchez Mejias. Sonetos (Obras / Federico García Lorca ; 3) (Spanish Edition),https://www.goodreads.com/book/show/1123781.Divan_de_Tamarit
"Gods, Graves and Scholars: The Story of Archaeology",https://www.goodreads.com/book/show/133411.Gods_Graves_and_Scholars
"The Clock Strikes Twelve (Miss Silver, #7)",https://www.goodreads.com/book/show/660273.The_Clock_Strikes_Twelve
The Story of the Trapp Family Singers,https://www.goodreads.com/book/show/1808277.The_Story_of_the_Trapp_Family_Singers
The Snake Pit,https://www.goodreads.com/book/show/52803.The_Snake_Pit
"Betsy and Tacy Go Downtown (Betsy-Tacy, #4)",https://www.goodreads.com/book/show/42486.Betsy_and_Tacy_Go_Downtown
"The Chinese Shawl (Miss Silver, #5)",https://www.goodreads.com/book/show/1943993.The_Chinese_Shawl
McElligot's Pool,https://www.goodreads.com/book/show/7777.McElligot_s_Pool
The Diary of Anne Frank: The Play,https://www.goodreads.com/book/show/453821.The_Diary_of_Anne_Frank
I Remember Mama: Play in Two Acts,https://www.goodreads.com/book/show/35375.I_Remember_Mama
Hungry Hill,https://www.goodreads.com/book/show/18869978-hungry-hill
Iceland's Bell,https://www.goodreads.com/book/show/14267.Iceland_s_Bell
Above Suspicion,https://www.goodreads.com/book/show/550726.Above_Suspicion
Poet in New York,https://www.goodreads.com/book/show/953562.Poet_in_New_York
"Betsy-Tacy (Betsy-Tacy, #1)",https://www.goodreads.com/book/show/7909.Betsy_Tacy
Up at the Villa,https://www.goodreads.com/book/show/59551.Up_at_the_Villa
Only Yesterday,https://www.goodreads.com/book/show/197170.Only_Yesterday
"Betsy-Tacy and Tib (Betsy-Tacy, #2)",https://www.goodreads.com/book/show/7904.Betsy_Tacy_and_Tib
While Still We Live,https://www.goodreads.com/book/show/487915.While_Still_We_Live
The Cry and the Covenant,https://www.goodreads.com/book/show/2597306-the-cry-and-the-covenant
"Llana of Gathol (Barsoom, #10)",https://www.goodreads.com/book/show/215954.Llana_of_Gathol
Осъдени души,https://www.goodreads.com/book/show/20786661
Here Is New York,https://www.goodreads.com/book/show/10814.Here_Is_New_York
London Belongs to Me,https://www.goodreads.com/book/show/6267716-london-belongs-to-me
The Blood of Others,https://www.goodreads.com/book/show/161557.The_Blood_of_Others
Voyage to Kazohinia,https://www.goodreads.com/book/show/13330442-voyage-to-kazohinia
The Road Through the Wall,https://www.goodreads.com/book/show/131190.The_Road_Through_the_Wall
"There is a Tide (Hercule Poirot, #29)",https://www.goodreads.com/book/show/1812778.There_is_a_Tide
If This Is a Man • The Truce,https://www.goodreads.com/book/show/6181.If_This_Is_a_Man_The_Truce
Πούσι,https://www.goodreads.com/book/show/8665293
Fair Stood the Wind for France,https://www.goodreads.com/book/show/2143538.Fair_Stood_the_Wind_for_France
Snow Country,https://www.goodreads.com/book/show/20934420-snow-country
The Small Rain,https://www.goodreads.com/book/show/251947.The_Small_Rain
The Collected Dorothy Parker,https://www.goodreads.com/book/show/44458.The_Collected_Dorothy_Parker
Listening Valley,https://www.goodreads.com/book/show/21991194-listening-valley
Kalle Blomquist (#1-3),https://www.goodreads.com/book/show/42329.Kalle_Blomquist
Talking of Jane Austen,https://www.goodreads.com/book/show/1102190.Talking_of_Jane_Austen
The Man with the Golden Arm,https://www.goodreads.com/book/show/383022.The_Man_with_the_Golden_Arm
Absent in the Spring,https://www.goodreads.com/book/show/15796481-absent-in-the-spring
"Slan (Slan, #1)",https://www.goodreads.com/book/show/643792.Slan
A History of Western Philosophy,https://www.goodreads.com/book/show/243685.A_History_of_Western_Philosophy
Fables for Our Time and Famous Poems Illustrated,https://www.goodreads.com/book/show/72997.Fables_for_Our_Time_and_Famous_Poems_Illustrated
Artificios,https://www.goodreads.com/book/show/90585.Artificios
Another Time,https://www.goodreads.com/book/show/891729.Another_Time
Roads,https://www.goodreads.com/book/show/470670.Roads
Conversations in Sicily,https://www.goodreads.com/book/show/1165806.Conversations_in_Sicily
The Great Transformation: The Political and Economic Origins of Our Time,https://www.goodreads.com/book/show/53981.The_Great_Transformation
All About H. Hatterr,https://www.goodreads.com/book/show/1252537.All_About_H_Hatterr
Half a Lifelong Romance,https://www.goodreads.com/book/show/25937741-half-a-lifelong-romance
The Idea of History,https://www.goodreads.com/book/show/348305.The_Idea_of_History
"My Friend Flicka (Flicka, #1)",https://www.goodreads.com/book/show/164542.My_Friend_Flicka
The Case of Charles Dexter Ward,https://www.goodreads.com/book/show/129327.The_Case_of_Charles_Dexter_Ward
"Dragon's Teeth (World's End Lanny Budd, #3)",https://www.goodreads.com/book/show/39078166-dragon-s-teeth
No Bed for Bacon,https://www.goodreads.com/book/show/749399.No_Bed_for_Bacon
"Mary Poppins Opens the Door (Mary Poppins, #3)",https://www.goodreads.com/book/show/152383.Mary_Poppins_Opens_the_Door
The Woman of Rome,https://www.goodreads.com/book/show/67147.The_Woman_of_Rome
The Golden Apples,https://www.goodreads.com/book/show/12589.The_Golden_Apples
Arcanum 17,https://www.goodreads.com/book/show/168311.Arcanum_17
Blood on the Forge,https://www.goodreads.com/book/show/261497.Blood_on_the_Forge
The Log from the Sea of Cortez,https://www.goodreads.com/book/show/4803.The_Log_from_the_Sea_of_Cortez
The Complete Stories,https://www.goodreads.com/book/show/22904.The_Complete_Stories
The Human Comedy,https://www.goodreads.com/book/show/28305.The_Human_Comedy
Focus,https://www.goodreads.com/book/show/850116.Focus
"Triumph for Inspector West (Inspector West, #7)",https://www.goodreads.com/book/show/2644759-triumph-for-inspector-west
Lark Rise to Candleford,https://www.goodreads.com/book/show/1744691.Lark_Rise_to_Candleford
Names on the Land: A Historical Account of Place-Naming in the United States (New York Review Books Classics),https://www.goodreads.com/book/show/2376121.Names_on_the_Land
"Bosnian Chronicle (Bosnian Trilogy, #2)",https://www.goodreads.com/book/show/850223.Bosnian_Chronicle
Raintree County,https://www.goodreads.com/book/show/6921122-raintree-county
"Silverlock (Silverlock, #1)",https://www.goodreads.com/book/show/104069.Silverlock
If He Hollers Let Him Go,https://www.goodreads.com/book/show/52472.If_He_Hollers_Let_Him_Go
The Path to the Spiders' Nests,https://www.goodreads.com/book/show/60111.The_Path_to_the_Spiders_Nests
The Prime of Life: The Second Volume of Her Autobiography,https://www.goodreads.com/book/show/381055.The_Prime_of_Life
A Well Full of Leaves,https://www.goodreads.com/book/show/9988358-a-well-full-of-leaves
La famiglia Karnowski,https://www.goodreads.com/book/show/17676033-la-famiglia-karnowski
The Winslow Boy,https://www.goodreads.com/book/show/1199082.The_Winslow_Boy
The Wooden Horse,https://www.goodreads.com/book/show/12285312-the-wooden-horse
Geoffrey Chaucer of England,https://www.goodreads.com/book/show/6797574-geoffrey-chaucer-of-england
L'Écume des jours,https://www.goodreads.com/book/show/141828.L_cume_des_jours
"Full Moon (Blandings Castle, #7)",https://www.goodreads.com/book/show/6146672-full-moon
The Wonder City of Oz,https://www.goodreads.com/book/show/3041821-the-wonder-city-of-oz
Miracles,https://www.goodreads.com/book/show/13650512-miracles
"She Came Back (Miss Silver, #9)",https://www.goodreads.com/book/show/660277.She_Came_Back
Éducation européenne,https://www.goodreads.com/book/show/1845953._ducation_europ_enne
Herself Surprised,https://www.goodreads.com/book/show/376494.Herself_Surprised
The Middle Sister,https://www.goodreads.com/book/show/199573.The_Middle_Sister
The Trolley Car Family,https://www.goodreads.com/book/show/17518.The_Trolley_Car_Family
They Were Sisters,https://www.goodreads.com/book/show/2702376-they-were-sisters
"Utvandrarna (The Emigrants, #1)",https://www.goodreads.com/book/show/703475.Utvandrarna
Memoirs Of The Second World War,https://www.goodreads.com/book/show/25589.Memoirs_Of_The_Second_World_War
Essays of Three Decades,https://www.goodreads.com/book/show/137335.Essays_of_Three_Decades
Les Mains sales,https://www.goodreads.com/book/show/103796.Les_Mains_sales
Scarface,https://www.goodreads.com/book/show/462455.Scarface
Autobiography of a Yogi,https://www.goodreads.com/book/show/639864.Autobiography_of_a_Yogi
Katy No-Pocket,https://www.goodreads.com/book/show/917909.Katy_No_Pocket
"Miss Silver Deals With Death (Miss Silver, #6)",https://www.goodreads.com/book/show/1332179.Miss_Silver_Deals_With_Death
The Pisan Cantos,https://www.goodreads.com/book/show/98943.The_Pisan_Cantos
The Bear That Wasn't,https://www.goodreads.com/book/show/13219095-the-bear-that-wasn-t
Sleep No More,https://www.goodreads.com/book/show/7571751-sleep-no-more
"Le malentendu, suivi de Caligula",https://www.goodreads.com/book/show/6487236-le-malentendu-suivi-de-caligula
The Immense Journey,https://www.goodreads.com/book/show/666143.The_Immense_Journey
The Madwoman of Chaillot,https://www.goodreads.com/book/show/591965.The_Madwoman_of_Chaillot
No Highway,https://www.goodreads.com/book/show/27202367-no-highway
Leaves of Hypnos,https://www.goodreads.com/book/show/53307.Leaves_of_Hypnos
Tootle,https://www.goodreads.com/book/show/988123.Tootle
The Dunwich Horror and Others,https://www.goodreads.com/book/show/63213.The_Dunwich_Horror_and_Others
An Old Captivity,https://www.goodreads.com/book/show/107299.An_Old_Captivity
"The Blue Hills (Torminster, #3)",https://www.goodreads.com/book/show/855914.The_Blue_Hills
The Dark World,https://www.goodreads.com/book/show/1881716.The_Dark_World
27 Wagons Full of Cotton and Other Plays,https://www.goodreads.com/book/show/394425.27_Wagons_Full_of_Cotton_and_Other_Plays
Walden Two,https://www.goodreads.com/book/show/55990.Walden_Two
"Betsy and Tacy Go Over the Big Hill (Betsy-Tacy, #3)",https://www.goodreads.com/book/show/7894.Betsy_and_Tacy_Go_Over_the_Big_Hill
The World and Africa: Inquiry Into the Part Which Africa Has Played in World History,https://www.goodreads.com/book/show/611699.The_World_and_Africa
Dragon Seed,https://www.goodreads.com/book/show/93517.Dragon_Seed
"Wicked Uncle (Miss Silver, #12)",https://www.goodreads.com/book/show/1429214.Wicked_Uncle
"Holy Disorders (Gervase Fen, #2)",https://www.goodreads.com/book/show/782755.Holy_Disorders
Laura,https://www.goodreads.com/book/show/12409404-laura
Georgie,https://www.goodreads.com/book/show/1317319.Georgie
Many Moons,https://www.goodreads.com/book/show/761365.Many_Moons
"The Ghost of Blackwood Hall (Nancy Drew Mystery Stories, #25)",https://www.goodreads.com/book/show/846043.The_Ghost_of_Blackwood_Hall
Uomini e no,https://www.goodreads.com/book/show/2847395-uomini-e-no
"Betsy Was a Junior (Betsy-Tacy, #7)",https://www.goodreads.com/book/show/7901.Betsy_Was_a_Junior
"The Age of Anxiety: A Baroque Eclogue (W.H. Auden: Critical Editions, 7)",https://www.goodreads.com/book/show/9757482-the-age-of-anxiety
Sentimento do Mundo,https://www.goodreads.com/book/show/2183640.Sentimento_do_Mundo
Bright Day,https://www.goodreads.com/book/show/2285077.Bright_Day
The Dream-Quest of Unknown Kadath,https://www.goodreads.com/book/show/722667.The_Dream_Quest_of_Unknown_Kadath
"Traitor's Purse (Albert Campion Mystery, #11)",https://www.goodreads.com/book/show/383181.Traitor_s_Purse
Betsy and Joe: A Betsy-Tacy High School Story (Betsy-Tacy #8),https://www.goodreads.com/book/show/6758030-betsy-and-joe
"The Mysterious Fireplace (The Dana Girls Mystery Stories, #10)",https://www.goodreads.com/book/show/2090471.The_Mysterious_Fireplace
The Sword of Rhiannon,https://www.goodreads.com/book/show/908296.The_Sword_of_Rhiannon
"Betsy in Spite of Herself (Betsy-Tacy, #6)",https://www.goodreads.com/book/show/287377.Betsy_in_Spite_of_Herself
North and South,https://www.goodreads.com/book/show/2118849.North_and_South
The Arm and the Darkness,https://www.goodreads.com/book/show/9008132-the-arm-and-the-darkness
A Rosa do Povo,https://www.goodreads.com/book/show/2534575.A_Rosa_do_Povo
Friday's Child,https://www.goodreads.com/book/show/12616946-friday-s-child
Selected Poems,https://www.goodreads.com/book/show/67998.Selected_Poems
La neve era sporca,https://www.goodreads.com/book/show/7331950-la-neve-era-sporca
Thomas the Obscure,https://www.goodreads.com/book/show/404516.Thomas_the_Obscure
Sixth Column,https://www.goodreads.com/book/show/342062.Sixth_Column
Il diavolo sulle colline,https://www.goodreads.com/book/show/18945564-il-diavolo-sulle-colline
The Little Grey Men,https://www.goodreads.com/book/show/84644.The_Little_Grey_Men
"White Snow, Bright Snow",https://www.goodreads.com/book/show/141022.White_Snow_Bright_Snow
I Chose Freedom,https://www.goodreads.com/book/show/1791278.I_Chose_Freedom
Menzogna e sortilegio,https://www.goodreads.com/book/show/6598072-menzogna-e-sortilegio
"The Secret Vanguard (Sir John Appleby, #5)",https://www.goodreads.com/book/show/1481233.The_Secret_Vanguard
Heliopolis,https://www.goodreads.com/book/show/9226346-heliopolis
"There Came Both Mist And Snow (Sir John Appleby, #6)",https://www.goodreads.com/book/show/1360741.There_Came_Both_Mist_And_Snow
Journey to the Alcarria: Travels through the Spanish Countryside,https://www.goodreads.com/book/show/911325.Journey_to_the_Alcarria
The Opener of the Way,https://www.goodreads.com/book/show/3051048-the-opener-of-the-way
Freddy and the Ignormus (Freddy Books),https://www.goodreads.com/book/show/90608.Freddy_and_the_Ignormus
King Solomon's Ring,https://www.goodreads.com/book/show/13965.King_Solomon_s_Ring
A Mathematician's Apology,https://www.goodreads.com/book/show/154060.A_Mathematician_s_Apology
A Child's Good Night Book,https://www.goodreads.com/book/show/910548.A_Child_s_Good_Night_Book
We Couldn't Leave Dinah,https://www.goodreads.com/book/show/3253404-we-couldn-t-leave-dinah
"Children of the Lens (Lensman, #6)",https://www.goodreads.com/book/show/287498.Children_of_the_Lens
"The Nature and Destiny of Man, Vol 1",https://www.goodreads.com/book/show/2080461.The_Nature_and_Destiny_of_Man_Vol_1
Orphans of the Sky,https://www.goodreads.com/book/show/50832.Orphans_of_the_Sky
Fury,https://www.goodreads.com/book/show/582105.Fury
"The Don Flows Home to the Sea, Vol 1",https://www.goodreads.com/book/show/78023.The_Don_Flows_Home_to_the_Sea_Vol_1
"Evidence of Things Seen (Henry Gamadge, #6)",https://www.goodreads.com/book/show/1610324.Evidence_of_Things_Seen
The Fall of Mussolini: His Own Story,https://www.goodreads.com/book/show/4715166-the-fall-of-mussolini
Some Time Never: A Fable for Supermen,https://www.goodreads.com/book/show/12360292-some-time-never
The Voice of the Coyote (Bison Book),https://www.goodreads.com/book/show/1009391.The_Voice_of_the_Coyote
Guard Of Honor: A Pulitzer Prize Winner,https://www.goodreads.com/book/show/1102194.Guard_Of_Honor
On the Side of the Angels,https://www.goodreads.com/book/show/15005760-on-the-side-of-the-angels
The Concept of Mind,https://www.goodreads.com/book/show/695125.The_Concept_of_Mind
The Living is Easy,https://www.goodreads.com/book/show/158371.The_Living_is_Easy
Sisters by a River,https://www.goodreads.com/book/show/24119362-sisters-by-a-river
A Short History of Decay,https://www.goodreads.com/book/show/2855.A_Short_History_of_Decay
Во дни они… Оповідання з євангельськими мотивами,https://www.goodreads.com/book/show/26193421
Thoughts on Peace in an Air Raid,https://www.goodreads.com/book/show/7070323-thoughts-on-peace-in-an-air-raid
Invasion Diary: A Dramatic Firsthand Account of the Allied Invasion of Italy,https://www.goodreads.com/book/show/31935364-invasion-diary
God Passes by,https://www.goodreads.com/book/show/851592.God_Passes_by
A World to Win,https://www.goodreads.com/book/show/11019960-a-world-to-win
You Can't Stop Living,https://www.goodreads.com/book/show/60497208-you-can-t-stop-living
The Discovery of India,https://www.goodreads.com/book/show/22001278-the-discovery-of-india
The Intelligent Investor,https://www.goodreads.com/book/show/106835.The_Intelligent_Investor
Les mouches,https://www.goodreads.com/book/show/23125627-les-mouches
A Hora e a Vez de Augusto Matraga,https://www.goodreads.com/book/show/7305700-a-hora-e-a-vez-de-augusto-matraga
The Surprise Doll,https://www.goodreads.com/book/show/663480.The_Surprise_Doll
My Name Is Aram,https://www.goodreads.com/book/show/28308.My_Name_Is_Aram
Bahá'u'lláh and the New Era: An Introduction to the Bahá'í Faith,https://www.goodreads.com/book/show/997379.Bah_u_ll_h_and_the_New_Era
The Mask of Sanity,https://www.goodreads.com/book/show/661059.The_Mask_of_Sanity
Stag Night,https://www.goodreads.com/book/show/49422704-stag-night
Stone Soup,https://www.goodreads.com/book/show/193093.Stone_Soup
Olivia,https://www.goodreads.com/book/show/48691348-olivia
The Book of Ptath,https://www.goodreads.com/book/show/845628.The_Book_of_Ptath
The Pursuit of God: The Human Thirst for the Divine,https://www.goodreads.com/book/show/672493.The_Pursuit_of_God
Αμοργός,https://www.goodreads.com/book/show/12712121
The Magical Mimics In Oz (Book 37),https://www.goodreads.com/book/show/1876964.The_Magical_Mimics_In_Oz
Sirius,https://www.goodreads.com/book/show/953788.Sirius
Golden Sovereign,https://www.goodreads.com/book/show/3250297-golden-sovereign
"The Candle in the Wind (The Once and Future King, #4)",https://www.goodreads.com/book/show/6400079-the-candle-in-the-wind
Prayers from the Ark and The Creatures' Choir,https://www.goodreads.com/book/show/76903.Prayers_from_the_Ark_and_The_Creatures_Choir
The Best of Beardsley,https://www.goodreads.com/book/show/22306264-the-best-of-beardsley
Uttermost Part of the Earth,https://www.goodreads.com/book/show/2170223.Uttermost_Part_of_the_Earth
Walk in Darkness,https://www.goodreads.com/book/show/35647527-walk-in-darkness
Funeral Rites,https://www.goodreads.com/book/show/53009.Funeral_Rites
O Barão,https://www.goodreads.com/book/show/7497220-o-bar-o
The Devil in Massachusetts: A Modern Enquiry Into the Salem Witch Trials,https://www.goodreads.com/book/show/438289.The_Devil_in_Massachusetts
"Savage Pellucidar (Pellucidar, #7)",https://www.goodreads.com/book/show/101567.Savage_Pellucidar
Green for Danger (Inspector Cockrill #2),https://www.goodreads.com/book/show/1024750.Green_for_Danger
Man-Eaters of Kumaon,https://www.goodreads.com/book/show/475245.Man_Eaters_of_Kumaon
"Ghosts Along The Mississippi: The Magic of the Old Houses of Louisiana, New Revised Edition",https://www.goodreads.com/book/show/804073.Ghosts_Along_The_Mississippi
A Testament of Devotion,https://www.goodreads.com/book/show/2327187.A_Testament_of_Devotion
Das Phantom des Alexander Wolf,https://www.goodreads.com/book/show/22855849-das-phantom-des-alexander-wolf
"Diaries, 1910-1923",https://www.goodreads.com/book/show/17686.Diaries_1910_1923
Big Doc's Girl,https://www.goodreads.com/book/show/1492739.Big_Doc_s_Girl
Stick and Rudder: An Explanation of the Art of Flying,https://www.goodreads.com/book/show/680115.Stick_and_Rudder
Головні правила українського правопису,https://www.goodreads.com/book/show/25020055
Verdict of Twelve,https://www.goodreads.com/book/show/1715321.Verdict_of_Twelve
Miracle of the Rose,https://www.goodreads.com/book/show/266034.Miracle_of_the_Rose
Poesia,https://www.goodreads.com/book/show/12236241-poesia
Two Solitudes,https://www.goodreads.com/book/show/1296272.Two_Solitudes
"Escape on Venus (Venus, #4)",https://www.goodreads.com/book/show/1397239.Escape_on_Venus
The Life of Oscar Wilde.,https://www.goodreads.com/book/show/5301.The_Life_of_Oscar_Wilde_
Deutsche Hörer! Radiosendungen nach Deutschland aus den Jahren 1940-1945,https://www.goodreads.com/book/show/15741073-deutsche-h-rer-radiosendungen-nach-deutschland-aus-den-jahren-1940-1945
The Train Was on Time,https://www.goodreads.com/book/show/69887.The_Train_Was_on_Time
The Ethics of Ambiguity,https://www.goodreads.com/book/show/21119.The_Ethics_of_Ambiguity
Medallions,https://www.goodreads.com/book/show/561312.Medallions
Dia do Mar,https://www.goodreads.com/book/show/6816847-dia-do-mar
Concluding,https://www.goodreads.com/book/show/126914.Concluding
What Makes Sammy Run?,https://www.goodreads.com/book/show/101191.What_Makes_Sammy_Run_
The Big Clock,https://www.goodreads.com/book/show/166912.The_Big_Clock
Beast In View,https://www.goodreads.com/book/show/35236935-beast-in-view
Ein Zeitalter wird besichtigt,https://www.goodreads.com/book/show/2637988-ein-zeitalter-wird-besichtigt
The Third Level,https://www.goodreads.com/book/show/2176204.The_Third_Level
Gobbolino the Witch's Cat,https://www.goodreads.com/book/show/440601.Gobbolino_the_Witch_s_Cat
Походження українського народу,https://www.goodreads.com/book/show/22601406
Pequenos Burgueses,https://www.goodreads.com/book/show/13209617-pequenos-burgueses
Great Tales of Terror and the Supernatural,https://www.goodreads.com/book/show/137763.Great_Tales_of_Terror_and_the_Supernatural
Berlin Diary: The Journal of a Foreign Correspondent 1934-1941,https://www.goodreads.com/book/show/23756.Berlin_Diary
Voices,https://www.goodreads.com/book/show/710193.Voices
"The Turning Point: Thirty-Five Years in this Century, the Autobiography of Klaus Mann",https://www.goodreads.com/book/show/223722.The_Turning_Point
Grandfather Tales: American-English Folk Tales,https://www.goodreads.com/book/show/290135.Grandfather_Tales
Думки проти течії,https://www.goodreads.com/book/show/22031806
Call It Courage,https://www.goodreads.com/book/show/857528.Call_It_Courage
Kingsblood Royal,https://www.goodreads.com/book/show/8140525-kingsblood-royal
The North Ship,https://www.goodreads.com/book/show/953813.The_North_Ship
The Case of the Lazy Lover (The Perry Mason Mysteries Book 1),https://www.goodreads.com/book/show/53501152-the-case-of-the-lazy-lover
"Josephus and the Emperor (Josephus, #3)",https://www.goodreads.com/book/show/2533867.Josephus_and_the_Emperor
The Jack Tales,https://www.goodreads.com/book/show/290074.The_Jack_Tales
War and the Iliad,https://www.goodreads.com/book/show/32781.War_and_the_Iliad
Тигролови,https://www.goodreads.com/book/show/25146790
"The Phantom Freighter (Hardy Boys, #26)",https://www.goodreads.com/book/show/278528.The_Phantom_Freighter
Eagle at My Eyes,https://www.goodreads.com/book/show/35220632-eagle-at-my-eyes
Smith of Wootton Major & Farmer Giles of Ham,https://www.goodreads.com/book/show/66797.Smith_of_Wootton_Major_Farmer_Giles_of_Ham
The Case of the Haunted Husband (Perry Mason #18),https://www.goodreads.com/book/show/22362033-the-case-of-the-haunted-husband
Foxes in a Vineyard,https://www.goodreads.com/book/show/351173.Foxes_in_a_Vineyard
Georgia Boy,https://www.goodreads.com/book/show/93255.Georgia_Boy
The Little Locksmith,https://www.goodreads.com/book/show/733977.The_Little_Locksmith
"The Secret in the Old Attic (Nancy Drew Mystery Stories, #21)",https://www.goodreads.com/book/show/48562.The_Secret_in_the_Old_Attic
The Case of the Baker Street Irregulars (Fergus O'Breen Mysteries #2),https://www.goodreads.com/book/show/477004.The_Case_of_the_Baker_Street_Irregulars
"The Case of the Careless Kitten (Perry Mason, #21)",https://www.goodreads.com/book/show/1697613.The_Case_of_the_Careless_Kitten
Drawn and Quartered,https://www.goodreads.com/book/show/6267083-drawn-and-quartered
The Big Sea,https://www.goodreads.com/book/show/152661.The_Big_Sea
The Universe and Dr. Einstein,https://www.goodreads.com/book/show/98593.The_Universe_and_Dr_Einstein
Без ґрунту,https://www.goodreads.com/book/show/17256053
Ενδοχώρα,https://www.goodreads.com/book/show/7531367
The Course of German History,https://www.goodreads.com/book/show/2118391.The_Course_of_German_History
Nansen,https://www.goodreads.com/book/show/2151421.Nansen
Maigret's Rival,https://www.goodreads.com/book/show/36626443-maigret-s-rival
"The Case of the Borrowed Brunette (Perry Mason, #28)",https://www.goodreads.com/book/show/1681319.The_Case_of_the_Borrowed_Brunette
One Man's Meat,https://www.goodreads.com/book/show/10813.One_Man_s_Meat
Доктор Серафікус,https://www.goodreads.com/book/show/17565782
Strange Fruit,https://www.goodreads.com/book/show/815721.Strange_Fruit
Justin Morgan Had a Horse,https://www.goodreads.com/book/show/79667.Justin_Morgan_Had_a_Horse
"The Case of the Drowning Duck (Perry Mason, #20)",https://www.goodreads.com/book/show/1697614.The_Case_of_the_Drowning_Duck
The Gremlins,https://www.goodreads.com/book/show/6677.The_Gremlins
Mystery at Thunderbolt House,https://www.goodreads.com/book/show/13507322-mystery-at-thunderbolt-house
Los justos,https://www.goodreads.com/book/show/2409722.Los_justos
The Important Book,https://www.goodreads.com/book/show/216330.The_Important_Book
The Mediterranean and the Mediterranean World in the Age of Philip II,https://www.goodreads.com/book/show/945725.The_Mediterranean_and_the_Mediterranean_World_in_the_Age_of_Philip_II
"For the Time Being: A Christmas Oratorio (W.H. Auden: Critical Editions, 8)",https://www.goodreads.com/book/show/17071587-for-the-time-being
A Bell for Adano,https://www.goodreads.com/book/show/43172394-a-bell-for-adano
Thidwick the Big-Hearted Moose,https://www.goodreads.com/book/show/273735.Thidwick_the_Big_Hearted_Moose
Death on the Aisle (Mr. and Mrs. North #4),https://www.goodreads.com/book/show/3225125-death-on-the-aisle
Typewriter in the Sky,https://www.goodreads.com/book/show/1818619.Typewriter_in_the_Sky
The Case of the Dubious Bridegroom (The Perry Mason Mysteries Book 3),https://www.goodreads.com/book/show/53541626-the-case-of-the-dubious-bridegroom
"Diary of the Dark Years, 1940-1944: Collaboration, Resistance, and Daily Life in Occupied Paris",https://www.goodreads.com/book/show/18695441-diary-of-the-dark-years-1940-1944
The Free Man,https://www.goodreads.com/book/show/930393.The_Free_Man
The Language of the Third Reich: LTI--Lingua Tertii Imperii: A Philologist's Notebook,https://www.goodreads.com/book/show/190562.The_Language_of_the_Third_Reich
"Five on a Treasure Island (Famous Five, #1)",https://www.goodreads.com/book/show/17488.Five_on_a_Treasure_Island
Chicken Every Sunday: My Life with Mother's Boarders,https://www.goodreads.com/book/show/2042884.Chicken_Every_Sunday
And the Hippos Were Boiled in Their Tanks,https://www.goodreads.com/book/show/6694909-and-the-hippos-were-boiled-in-their-tanks
"The Case of the Golddigger's Purse (Perry Mason, #26)",https://www.goodreads.com/book/show/2337665.The_Case_of_the_Golddigger_s_Purse
La main coupée,https://www.goodreads.com/book/show/2185783.La_main_coup_e
Selections from the Prison Notebooks,https://www.goodreads.com/book/show/85935.Selections_from_the_Prison_Notebooks
A Moon for the Misbegotten,https://www.goodreads.com/book/show/150144.A_Moon_for_the_Misbegotten
Adam of the Road,https://www.goodreads.com/book/show/164255.Adam_of_the_Road
"The Case of the Empty Tin (Perry Mason, #19)",https://www.goodreads.com/book/show/1697615.The_Case_of_the_Empty_Tin
"The Clue of the Rusty Key (The Dana Girls Mystery Stories, #11)",https://www.goodreads.com/book/show/4671377-the-clue-of-the-rusty-key
A Preface to Paradise Lost,https://www.goodreads.com/book/show/207546.A_Preface_to_Paradise_Lost
Poemas prohibidos,https://www.goodreads.com/book/show/17202983-poemas-prohibidos
"A Russian Journal (Classic, 20th-Century, Penguin)",https://www.goodreads.com/book/show/779074.A_Russian_Journal
"The Case of the Buried Clock (Perry Mason, #22)",https://www.goodreads.com/book/show/16773.The_Case_of_the_Buried_Clock
The Walton Boys and Gold in the Snow,https://www.goodreads.com/book/show/8652504-the-walton-boys-and-gold-in-the-snow
City Boy,https://www.goodreads.com/book/show/113817.City_Boy
Green Grass of Wyoming (My Friend Flicka #3),https://www.goodreads.com/book/show/253676.Green_Grass_of_Wyoming
"The Case of the Black-Eyed Blonde (Perry Mason, #25)",https://www.goodreads.com/book/show/1795040.The_Case_of_the_Black_Eyed_Blonde
Requiem,https://www.goodreads.com/book/show/297194.Requiem
Ginny Gordon and the Mystery of the Disappearing Candlesticks,https://www.goodreads.com/book/show/2055732.Ginny_Gordon_and_the_Mystery_of_the_Disappearing_Candlesticks
Week-End Wodehouse,https://www.goodreads.com/book/show/18080.Week_End_Wodehouse
The Very Old Folk,https://www.goodreads.com/book/show/9805770-the-very-old-folk
"The Four-Story Mistake (The Melendy Family, #2)",https://www.goodreads.com/book/show/421642.The_Four_Story_Mistake
"The Case of the Cautious Coquette (Perry Mason, #34)",https://www.goodreads.com/book/show/183220.The_Case_of_the_Cautious_Coquette
High Trail,https://www.goodreads.com/book/show/3759617-high-trail
An Essay on Man: An Introduction to a Philosophy of Human Culture,https://www.goodreads.com/book/show/173282.An_Essay_on_Man
Shadow Castle,https://www.goodreads.com/book/show/1112665.Shadow_Castle
"The Case of the Half-Wakened Wife (Perry Mason, #27)",https://www.goodreads.com/book/show/16767.The_Case_of_the_Half_Wakened_Wife
La bella estate,https://www.goodreads.com/book/show/1739067.La_bella_estate
Death of a Swagman (Inspector Napoleon Bonaparte #9),https://www.goodreads.com/book/show/600384.Death_of_a_Swagman
Trial by Combat,https://www.goodreads.com/book/show/25760488-trial-by-combat
Adopted Jane,https://www.goodreads.com/book/show/689269.Adopted_Jane
The Little World of Don Camillo,https://www.goodreads.com/book/show/66878.The_Little_World_of_Don_Camillo
"The Case Of The Vagabond Virgin (Perry Mason, #32)",https://www.goodreads.com/book/show/849309.The_Case_Of_The_Vagabond_Virgin
The Lion's Paw,https://www.goodreads.com/book/show/6760238-the-lion-s-paw
Seven Types of Ambiguity,https://www.goodreads.com/book/show/34153015-seven-types-of-ambiguity
The House in Cornwall,https://www.goodreads.com/book/show/2736912-the-house-in-cornwall
Bedknob and Broomstick,https://www.goodreads.com/book/show/474211.Bedknob_and_Broomstick
The Geranium and Other Stories,https://www.goodreads.com/book/show/2298350.The_Geranium_and_Other_Stories
Killers of the Dream,https://www.goodreads.com/book/show/150193.Killers_of_the_Dream
The Intoxicated,https://www.goodreads.com/book/show/26070367-the-intoxicated
"Theater Shoes (Shoes, #4)",https://www.goodreads.com/book/show/3782.Theater_Shoes
My Flag is Down,https://www.goodreads.com/book/show/39988080-my-flag-is-down
The Magic Bedknob,https://www.goodreads.com/book/show/7912855-the-magic-bedknob
Artemisia,https://www.goodreads.com/book/show/179343.Artemisia
The Transition of Juan Romero,https://www.goodreads.com/book/show/6457601-the-transition-of-juan-romero
The Indoor Noisy Book,https://www.goodreads.com/book/show/237376.The_Indoor_Noisy_Book
"Party Shoes (Shoes, #5)",https://www.goodreads.com/book/show/3787.Party_Shoes
"Jeeves in the Morning (Jeeves, #8)",https://www.goodreads.com/book/show/60507.Jeeves_in_the_Morning
La Vie tranquille,https://www.goodreads.com/book/show/1058072.La_Vie_tranquille
Agostino,https://www.goodreads.com/book/show/301873.Agostino
East River,https://www.goodreads.com/book/show/947216.East_River
Sweet Ermengarde,https://www.goodreads.com/book/show/13277902-sweet-ermengarde
Mimesis: The Representation of Reality in Western Literature,https://www.goodreads.com/book/show/80795.Mimesis
The Painted Garden,https://www.goodreads.com/book/show/1278427.The_Painted_Garden
Up Front,https://www.goodreads.com/book/show/242654.Up_Front
Slaves of Sleep,https://www.goodreads.com/book/show/53473847-slaves-of-sleep
The Human Race,https://www.goodreads.com/book/show/1211679.The_Human_Race
Donovan's Brain,https://www.goodreads.com/book/show/973214.Donovan_s_Brain
Wars I Have Seen,https://www.goodreads.com/book/show/695611.Wars_I_Have_Seen
"My Father's Dragon (My Father's Dragon, #1)",https://www.goodreads.com/book/show/34898.My_Father_s_Dragon
Mistress Masham's Repose,https://www.goodreads.com/book/show/29124.Mistress_Masham_s_Repose
Lettere di una novizia,https://www.goodreads.com/book/show/9730927-lettere-di-una-novizia
Storm,https://www.goodreads.com/book/show/121534.Storm
The Marriage,https://www.goodreads.com/book/show/883782.The_Marriage
The Crucible: A Play in Four Acts,https://www.goodreads.com/book/show/17250.The_Crucible
Betty Crocker's Cooky Book,https://www.goodreads.com/book/show/129664.Betty_Crocker_s_Cooky_Book
The Machiavellians: Defenders of Freedom,https://www.goodreads.com/book/show/1270379.The_Machiavellians
A Tree for Peter,https://www.goodreads.com/book/show/181987.A_Tree_for_Peter
Down Below,https://www.goodreads.com/book/show/7100367-down-below
The Screwtape Letters & Screwtape Proposes a Toast,https://www.goodreads.com/book/show/2892303-the-screwtape-letters-screwtape-proposes-a-toast
Tempo di uccidere,https://www.goodreads.com/book/show/1272336.Tempo_di_uccidere
Great Comedies and Tragedies,https://www.goodreads.com/book/show/245141.Great_Comedies_and_Tragedies
The Human Use of Human Beings: Cybernetics and Society,https://www.goodreads.com/book/show/153955.The_Human_Use_of_Human_Beings
The Prehistoric Aegean: Studies in Ancient Greek Society,https://www.goodreads.com/book/show/2026392.The_Prehistoric_Aegean
The Great House,https://www.goodreads.com/book/show/1719258.The_Great_House
Il bell'Antonio,https://www.goodreads.com/book/show/4013085-il-bell-antonio
Assignment in Brittany,https://www.goodreads.com/book/show/139244.Assignment_in_Brittany
Anthology of Black Humor,https://www.goodreads.com/book/show/211235.Anthology_of_Black_Humor
Told on the King's Highway,https://www.goodreads.com/book/show/30176716-told-on-the-king-s-highway
"The Innocent Bottle (Arthur Crook, #18)",https://www.goodreads.com/book/show/11085257-the-innocent-bottle
Winter's Tales,https://www.goodreads.com/book/show/12969.Winter_s_Tales
Chrysanthemum and the Sword: Patterns of Japanese Culture,https://www.goodreads.com/book/show/123848.Chrysanthemum_and_the_Sword
Seventeenth Summer,https://www.goodreads.com/book/show/270404.Seventeenth_Summer
"Autumn Term (The Marlows, #1)",https://www.goodreads.com/book/show/1379125.Autumn_Term
"Third Year at Malory Towers (Malory Towers, #3)",https://www.goodreads.com/book/show/578282.Third_Year_at_Malory_Towers
"Inspector West at Home (Inspector West, #3)",https://www.goodreads.com/book/show/4983795-inspector-west-at-home
La Reine morte,https://www.goodreads.com/book/show/1749454.La_Reine_morte
Petit Organon pour le Théâtre,https://www.goodreads.com/book/show/3031343-petit-organon-pour-le-th-tre
April's Kittens,https://www.goodreads.com/book/show/798048.April_s_Kittens
Lest Darkness Fall,https://www.goodreads.com/book/show/94715.Lest_Darkness_Fall
دانۀ زیر برف,https://www.goodreads.com/book/show/658656._
Transit,https://www.goodreads.com/book/show/15823471-transit
Rocket Ship Galileo,https://www.goodreads.com/book/show/16682.Rocket_Ship_Galileo
Тёмные аллеи,https://www.goodreads.com/book/show/1268784._
Freddy Goes Camping,https://www.goodreads.com/book/show/2396281.Freddy_Goes_Camping
Complete Poems,https://www.goodreads.com/book/show/1427974.Complete_Poems
"The St Lawrence (Rivers of America series, #20)",https://www.goodreads.com/book/show/7416721-the-st-lawrence
Thornton Burgess Animal Stories,https://www.goodreads.com/book/show/8479787-thornton-burgess-animal-stories
Silver for General Washington: a Story of Valley Forge,https://www.goodreads.com/book/show/173725.Silver_for_General_Washington
Les Bonnes,https://www.goodreads.com/book/show/90783.Les_Bonnes
The Magic Tunnel,https://www.goodreads.com/book/show/6068506-the-magic-tunnel
"Autobiography: My Childhood, In the World, My Universities",https://www.goodreads.com/book/show/88046.Autobiography
The Adventures of Grandfather Frog,https://www.goodreads.com/book/show/8806.The_Adventures_of_Grandfather_Frog
Mystery in the Pirate Oak,https://www.goodreads.com/book/show/2139101.Mystery_in_the_Pirate_Oak
Peter the First,https://www.goodreads.com/book/show/245705.Peter_the_First
The Respectful Prostitute,https://www.goodreads.com/book/show/13637253-the-respectful-prostitute
Headhunters of the Coral Sea,https://www.goodreads.com/book/show/16060066-headhunters-of-the-coral-sea
Enchanted Caravan,https://www.goodreads.com/book/show/12050688-enchanted-caravan
The Crazy Tales Of Pagla Dashu And Co.,https://www.goodreads.com/book/show/18338802-the-crazy-tales-of-pagla-dashu-and-co
The Locusts Have No King,https://www.goodreads.com/book/show/92290.The_Locusts_Have_No_King
Τετράδιο γυμνασμάτων: 1928-1937,https://www.goodreads.com/book/show/20537476
Strawberry Girl,https://www.goodreads.com/book/show/42447.Strawberry_Girl
They Were Strong and Good,https://www.goodreads.com/book/show/198783.They_Were_Strong_and_Good
Don Giovanni in Sicilia,https://www.goodreads.com/book/show/2799237-don-giovanni-in-sicilia
Darker Than You Think,https://www.goodreads.com/book/show/845651.Darker_Than_You_Think
Tales and More Tales from Mountain,https://www.goodreads.com/book/show/797197.Tales_and_More_Tales_from_Mountain
Andries,https://www.goodreads.com/book/show/1643690.Andries
Άσμα ηρωικό και πένθιμο για τον χαμένο ανθυπολοχαγό της Αλβανίας,https://www.goodreads.com/book/show/17447998
"Inspector West Takes Charge (Inspector West, #1)",https://www.goodreads.com/book/show/7426976-inspector-west-takes-charge
Roger Fry: A Biography,https://www.goodreads.com/book/show/1202318.Roger_Fry
Eric in the Land of the Insects,https://www.goodreads.com/book/show/773338.Eric_in_the_Land_of_the_Insects
"George Washington's World: Life Story of George Washington, A wonderful Narratives Explored by the writer",https://www.goodreads.com/book/show/6476.George_Washington_s_World
Miss Ranskill Comes Home,https://www.goodreads.com/book/show/2625927-miss-ranskill-comes-home
"Lear, Tolstoy and the Fool",https://www.goodreads.com/book/show/34802459-lear-tolstoy-and-the-fool
The Matchlock Gun,https://www.goodreads.com/book/show/1351988.The_Matchlock_Gun
Sapphira and the Slave Girl,https://www.goodreads.com/book/show/48213.Sapphira_and_the_Slave_Girl
The Outsiders of Uskoken Castle,https://www.goodreads.com/book/show/10472558-the-outsiders-of-uskoken-castle
Who Goes There? and Other Stories,https://www.goodreads.com/book/show/757761.Who_Goes_There_and_Other_Stories
What Mad Universe,https://www.goodreads.com/book/show/439226.What_Mad_Universe
Filumena Marturano,https://www.goodreads.com/book/show/7734173-filumena-marturano
The Case for Christianity,https://www.goodreads.com/book/show/415022.The_Case_for_Christianity
The Invisible Island,https://www.goodreads.com/book/show/3942370-the-invisible-island
Portrait of a Madonna,https://www.goodreads.com/book/show/25748086-portrait-of-a-madonna
The White Deer,https://www.goodreads.com/book/show/1018838.The_White_Deer
The Black Brothers,https://www.goodreads.com/book/show/2095000.The_Black_Brothers
The Dolls' House,https://www.goodreads.com/book/show/3799.The_Dolls_House
Twig,https://www.goodreads.com/book/show/674640.Twig
Enemy Brothers,https://www.goodreads.com/book/show/261670.Enemy_Brothers
Μπολιβάρ,https://www.goodreads.com/book/show/16107960
Red Planet,https://www.goodreads.com/book/show/50843.Red_Planet
Fureur et Mystère,https://www.goodreads.com/book/show/926257.Fureur_et_Myst_re
"Bleak Morning (The Ordeal, #3)",https://www.goodreads.com/book/show/245717.Bleak_Morning
Space Cadet,https://www.goodreads.com/book/show/50852.Space_Cadet
This Property is Condemned,https://www.goodreads.com/book/show/10926104-this-property-is-condemned
Cindie,https://www.goodreads.com/book/show/6467831-cindie
Off the Main Sequence: The Other Science Fiction Stories of Robert A. Heinlein,https://www.goodreads.com/book/show/347.Off_the_Main_Sequence
"Over My Dead Body (Nero Wolfe, #7)",https://www.goodreads.com/book/show/148934.Over_My_Dead_Body
Rain Drop Splash,https://www.goodreads.com/book/show/2318011.Rain_Drop_Splash
Liar!,https://www.goodreads.com/book/show/1931796.Liar_
Near to the Wild Heart,https://www.goodreads.com/book/show/153425.Near_to_the_Wild_Heart
Beyond This Horizon,https://www.goodreads.com/book/show/540503.Beyond_This_Horizon
The City and the Pillar,https://www.goodreads.com/book/show/88884.The_City_and_the_Pillar
Nightfall,https://www.goodreads.com/book/show/909308.Nightfall
Elegies de Bierville: Bierville Elegies,https://www.goodreads.com/book/show/3047613-elegies-de-bierville
The Long Watch,https://www.goodreads.com/book/show/13101973-the-long-watch
The Age of Jackson,https://www.goodreads.com/book/show/244659.The_Age_of_Jackson
"The Early Asimov or, Eleven Years of Trying",https://www.goodreads.com/book/show/414833.The_Early_Asimov_or_Eleven_Years_of_Trying
"Where There's a Will (Nero Wolfe, #8)",https://www.goodreads.com/book/show/148932.Where_There_s_a_Will
The Screaming Mimi,https://www.goodreads.com/book/show/882953.The_Screaming_Mimi
Islandia,https://www.goodreads.com/book/show/897461.Islandia
Hello Out There,https://www.goodreads.com/book/show/214969.Hello_Out_There
Famous Science-Fiction Stories: Adventures in Time and Space,https://www.goodreads.com/book/show/1381155.Famous_Science_Fiction_Stories
The Nature of Things,https://www.goodreads.com/book/show/418054.The_Nature_of_Things
The Fabulous Clipjoint (Ed & Am Hunter #1),https://www.goodreads.com/book/show/122555.The_Fabulous_Clipjoint
Hello From Bertha,https://www.goodreads.com/book/show/29315083-hello-from-bertha
Vintage Season,https://www.goodreads.com/book/show/17883031-vintage-season
Madame Edwarda seguido de El muerto,https://www.goodreads.com/book/show/403302.Madame_Edwarda_seguido_de_El_muerto
The Time Axis,https://www.goodreads.com/book/show/1881725.The_Time_Axis
The Lady of Larkspur Lotion,https://www.goodreads.com/book/show/11184312-the-lady-of-larkspur-lotion
The Flames: A Fantasy,https://www.goodreads.com/book/show/6445312-the-flames
Lanterns on the Levee: Recollections of a Planter's Son,https://www.goodreads.com/book/show/221319.Lanterns_on_the_Levee
Aminadab,https://www.goodreads.com/book/show/445745.Aminadab
"I Spit on Your Graves (Vernon Sullivan, #1)",https://www.goodreads.com/book/show/766860.I_Spit_on_Your_Graves
Les Yeux d'Elsa,https://www.goodreads.com/book/show/431426.Les_Yeux_d_Elsa
Worlds of Wonder: Three Tales of Fantasy,https://www.goodreads.com/book/show/4836090-worlds-of-wonder
The Most High,https://www.goodreads.com/book/show/229244.The_Most_High
Conjure Wife,https://www.goodreads.com/book/show/722251.Conjure_Wife
I Rode with Stonewall,https://www.goodreads.com/book/show/17779109-i-rode-with-stonewall
Death Sentence,https://www.goodreads.com/book/show/233353.Death_Sentence
Herr Puntila und sein Knecht Matti,https://www.goodreads.com/book/show/997979.Herr_Puntila_und_sein_Knecht_Matti
The Unpleasant Profession of Jonathan Hoag,https://www.goodreads.com/book/show/17912240-the-unpleasant-profession-of-jonathan-hoag
The Work of Fire,https://www.goodreads.com/book/show/233351.The_Work_of_Fire
The Last of My Solid Gold Watches,https://www.goodreads.com/book/show/25748070-the-last-of-my-solid-gold-watches
The Paradox Men,https://www.goodreads.com/book/show/1003105.The_Paradox_Men
Ape and Essence,https://www.goodreads.com/book/show/30561.Ape_and_Essence
Τα Τέσσερα Κοριτσάκια,https://www.goodreads.com/book/show/18299653
"The Conquering Family (The Plantagenets, #1)",https://www.goodreads.com/book/show/1193015.The_Conquering_Family
Faux Pas,https://www.goodreads.com/book/show/634167.Faux_Pas
Lentil (Picture Puffin Books),https://www.goodreads.com/book/show/29289.Lentil
"Needle (Needle, #1)",https://www.goodreads.com/book/show/939758.Needle
"The Magnificent Century (The Plantagenets, #2)",https://www.goodreads.com/book/show/1193013.The_Magnificent_Century
"Triplanetary (Lensman, #1)",https://www.goodreads.com/book/show/444944.Triplanetary
Az igazi (Márai Sándor művei),https://www.goodreads.com/book/show/1802361.Az_igazi_M_rai_S_ndor_m_vei_
Shakespeare of London,https://www.goodreads.com/book/show/1174440.Shakespeare_of_London
The Adventures of Superman,https://www.goodreads.com/book/show/739985.The_Adventures_of_Superman
"Flicka, Ricka, Dicka and the Three Kittens",https://www.goodreads.com/book/show/484708.Flicka_Ricka_Dicka_and_the_Three_Kittens
Darkness and the Light,https://www.goodreads.com/book/show/953789.Darkness_and_the_Light
"Ashes, Ashes",https://www.goodreads.com/book/show/16148834-ashes-ashes
"Listen, Little Man!",https://www.goodreads.com/book/show/339387.Listen_Little_Man_
The Roads Must Roll,https://www.goodreads.com/book/show/26812303-the-roads-must-roll
Cowboy Small (Lois Lenski Books),https://www.goodreads.com/book/show/42455.Cowboy_Small
Time Must Have a Stop,https://www.goodreads.com/book/show/778878.Time_Must_Have_a_Stop
"Astounding Science Fiction, February 1940",https://www.goodreads.com/book/show/42509752-astounding-science-fiction-february-1940
Thunder and Roses,https://www.goodreads.com/book/show/20651907-thunder-and-roses
"The Little Train (Mr. Small, #4)",https://www.goodreads.com/book/show/1024901.The_Little_Train
Man From Mars,https://www.goodreads.com/book/show/3168023-man-from-mars
Universe,https://www.goodreads.com/book/show/7992983-universe
Tambang Emas Dick Digger (Lucky Luke #1),https://www.goodreads.com/book/show/6696675-tambang-emas-dick-digger
"The Book of the Dead (Henry Gamadge, #8)",https://www.goodreads.com/book/show/7748244-the-book-of-the-dead
"Astounding Science Fiction, May 1941",https://www.goodreads.com/book/show/13407036-astounding-science-fiction-may-1941
Rodeo (Lucky Luke #2),https://www.goodreads.com/book/show/6918069-rodeo
"The Little Farm (Mr. Small, #5)",https://www.goodreads.com/book/show/42416.The_Little_Farm
Dreadful Sancturary,https://www.goodreads.com/book/show/1875972.Dreadful_Sancturary
Methuselah's Children,https://www.goodreads.com/book/show/175319.Methuselah_s_Children
Walt Disney's Uncle Remus Stories (A Golden Book),https://www.goodreads.com/book/show/223630.Walt_Disney_s_Uncle_Remus_Stories
Leocadia,https://www.goodreads.com/book/show/837714.Leocadia
Marshmallow,https://www.goodreads.com/book/show/1147790.Marshmallow
The Unforeseen,https://www.goodreads.com/book/show/1731337.The_Unforeseen
Tree in the Trail,https://www.goodreads.com/book/show/729625.Tree_in_the_Trail
When the Root Children Wake Up,https://www.goodreads.com/book/show/4072058-when-the-root-children-wake-up
"Mountain Born (Mountain Born, #1)",https://www.goodreads.com/book/show/886985.Mountain_Born
Abraham Lincoln's World,https://www.goodreads.com/book/show/104297.Abraham_Lincoln_s_World
Strangely Enough,https://www.goodreads.com/book/show/254947.Strangely_Enough
The Weapon Makers,https://www.goodreads.com/book/show/525006.The_Weapon_Makers
Murders in Volume 2 (Henry Gamadge Book 3),https://www.goodreads.com/book/show/18900245-murders-in-volume-2
Friends and Lovers,https://www.goodreads.com/book/show/334429.Friends_and_Lovers
Economics in One Lesson: The Shortest & Surest Way to Understand Basic Economics,https://www.goodreads.com/book/show/3028.Economics_in_One_Lesson
The Case of the Journeying Boy,https://www.goodreads.com/book/show/1481235.The_Case_of_the_Journeying_Boy
Nine Suitcases: A Memoir,https://www.goodreads.com/book/show/2237906.Nine_Suitcases
The Incompleat Enchanter,https://www.goodreads.com/book/show/1171378.The_Incompleat_Enchanter
The Horizontal Man,https://www.goodreads.com/book/show/147876.The_Horizontal_Man
Dark Carnival,https://www.goodreads.com/book/show/1794059.Dark_Carnival
Understanding Fiction: Third Edition,https://www.goodreads.com/book/show/857386.Understanding_Fiction
Fearful Symmetry: A Study of William Blake (Collected Works of Northrop Frye),https://www.goodreads.com/book/show/131885.Fearful_Symmetry
Wisteria cottage,https://www.goodreads.com/book/show/1038906.Wisteria_cottage
The Roosevelt Myth,https://www.goodreads.com/book/show/1430257.The_Roosevelt_Myth
"Gray Lensman (Lensman, #4)",https://www.goodreads.com/book/show/826525.Gray_Lensman
"Second Stage Lensmen (Lensmen, #5)",https://www.goodreads.com/book/show/826520.Second_Stage_Lensmen
The Perennial Philosophy,https://www.goodreads.com/book/show/5131.The_Perennial_Philosophy
Psychology and Religion,https://www.goodreads.com/book/show/123636.Psychology_and_Religion
